Ammo;Ammo
Magazines;Magazines
Tactical devices;Tactical devices
Weapon parts;Weapon parts
Barter;Barter
Sights;Sights
Special scopes;Special scopes
Provisions;Provisions
Drinks;Drinks
Containers;Containers
Keys;Keys
Keycards;Keycards
Weapon;Weapon
Melee weapons;Melee weapons
Interchange;Interchange
Shoreline;Shoreline
Factory;Factory
Reserve;Reserve
Customs;Customs
Lighthouse;Lighthouse
Gear;Gear
Face protection;Face protection
Meds;Meds
Food;Food
Assault scopes;Assault scopes
Optics;Optics
Compact reflex sights;Compact reflex sights
Collimators;Collimators
Backpacks;Backpacks
Headwear;Headwear
Helmets;Helmets
Facecovers;Facecovers
Chest rigs;Chest rigs
Headsets;Headsets
Armor vests;Armor vests
Assault rifles;Assault rifles
Assault carbines;Assault carbines
Bolt action rifles;Bolt action rifles
Light machine guns;Light machine guns
Designated marksman rifles;Designated marksman rifles
Pistols;Pistols
Shotguns;Shotguns
Submachine guns;Submachine guns
Hand grenade;Hand grenade
Handguards;Handguards
Mounts;Mounts
Barrels;Barrels
Iron sights;Iron sights
Secure containers;Secure containers
Armband;Armband
Currency;Currency
Grenade launchers;Grenade launchers
Special equipment;Special equipment
Bipods;Bipods
Maps;Maps
Stocks & chassis;Stocks & chassis
Pistol grips;Pistol grips
Muzzle adapters;Muzzle adapters
No results found for your search;No results found for your search
Found the following offers for '{0}':;Found the following offers for '{0}':
{0} {1} items;{0} {1} items
Show more...;Show more...
Showing {0} of {1} items;Showing {0} of {1} items
Minimum number of characters to search 3 characters;Minimum number of characters to search 3 characters
