Ammo;Боеприпасы
Magazines;Магазины
Tactical devices;Тактические комбинированные устройства
Weapon parts;Оружейные части
Barter;Предметы для бартера
Sights;Прицелы
Special scopes;Специальное оборудование
Provisions;Провизия
Drinks;Напитки
Containers;Контейнеры
Keys;Ключи
Keycards;Ключ-карты
Weapon;Оружие
Melee weapons;Холодное оружие
Interchange;Развязка
Shoreline;Берег
Factory;Завод
Reserve;Резерв
Customs;Таможня
Woods;Лес
Lighthouse;Маяк
Gear;Снаряжение
Face protection;Защита лица
Meds;Медецина
Food;Еда
Assault scopes;Штурмовые прицелы
Suppressors;Глушители
Optics;Оптические прицелы
Compact reflex sights;Компактные коллиматоры
Collimators;Коллиматоры
Backpacks;Рюкзаки
Headwear;Головные уборы
Helmets;Шлемы
Facecovers;Маски для лица
Chest rigs;Разгрузки
Headsets;Наушники
Armor vests;Бронежелеты
Assault rifles;Штурмовые винтовки
Assault carbines;Штурмовые карабины
Bolt action rifles;Болтовые винтовки
Light machine guns;Ручные пулеметы
Designated marksman rifles;Марксманские винтовки
Pistols;Пистолеты
Shotguns;Дробовики
Submachine guns;Пистолеты-пулеметы
Hand grenade;Ручные гранаты
Handguards;Цевья
Mounts;Крепления
Barrels;Стволы
Iron sights;Целики
Secure containers;Защищенные контейнеры
Armband;Повязки на руку
Currency;Валюта
Grenade launchers;Гранатометы
Special equipment;Спецоборудование
Bipods;Сошки
Maps;Карты
Stocks & chassis;Stocks & chassis
Pistol grips;Пистолетные рукояти
Muzzle adapters;Дульные адаптеры
No results found for your search;По вашему запросу ничего не найдено
{0} {1} items;{0} {1} предметов;
Show more...;Показать еще...
Showing {0} of {1} items;Показано {0} из {1} предметов;
Minimum number of characters to search 3 characters;Минимальное количество символов для поиска - 3 символа
{0} {1} items;{0} {1} предметов
Showing {0} of {1} items;Показано {0} из {1} предметов
Found the following items;Найдены следующие предметы
Flashhiders brakes;Пламегасители
Prapor;Прапор
Therapist;Терапевт
Fence;Скупщик
Skier;Лыжник
Peacekeeper;Миротворец
Mechanic;Механик
Ragman;Барахольщик
Jaeger;Егерь
Refine your request;Уточните запрос
Receivers slides;Крышки, ресиверы и затворы
Eyewear;Очки
Charging_handles;Рукоятки заряжания
Average price: {0} ₽;Средняя цена: {0} ₽
Price per slot: {0} ₽;Цена за слот: {0} ₽
Flea price: {0} ₽;Базовая цена: {0} ₽
More details;Побробнее
